id,name,model_id:id,group_id:id,perm_read,perm_write,perm_create,perm_unlink
access_cai_consolidation_period,access_cai_consolidation_period,model_cai_consolidation_period,base.group_user,1,1,1,1
access_cai_consolidation_period_composition,access_cai_consolidation_period_composition,model_cai_consolidation_period_composition,base.group_user,1,1,1,1
access_cai_consolidation_rate,access_cai_consolidation_rate,model_cai_consolidation_rate,base.group_user,1,1,1,1
access_cai_consolidation_company_period,access_cai_consolidation_company_period,model_cai_consolidation_company_period,base.group_user,1,1,1,1
access_cai_consolidation_account,access_cai_consolidation_account,model_cai_consolidation_account,base.group_user,1,1,1,1
access_cai_consolidation_group,access_cai_consolidation_group,model_cai_consolidation_group,base.group_user,1,1,1,1
access_cai_consolidation_chart,access_cai_consolidation_chart,model_cai_consolidation_chart,base.group_user,1,1,1,1
access_cai_consolidation_journal,access_cai_consolidation_journal,model_cai_consolidation_journal,base.group_user,1,1,1,1
access_cai_consolidation_journal_line,access_cai_consolidation_journal_line,model_cai_consolidation_journal_line,base.group_user,1,1,1,1
access_res_company,access_res_company,base.model_res_company,base.group_user,1,1,1,1
